,ID,farm0,성장속도 (s),5,최대업그레이드,5,피지숫자,4,판매가격 (a),건설시간 (s),구매비용
Lv,Price,value(%),speed(%),1분당 생산,소요 시간(m),목표소요시간,1분 총생산,권장가격,1,5,5
1,5,100,100,48,0.1,0.2,48,9.6,업그레이드 소요시간 (m),기본생산 (1분),최종생산
2,6,110,90,58.67,0.1,0.2,58.67,11.734,0.48,0,107.12
3,7,121,81,71.7,0.1,0.2,71.7,14.34,목표 업그레이드 시간,단위,a
4,8,133.1,72.9,87.64,0.09,0.2,87.64,17.528,0.5,,
5,10,146.4,65.6,107.12,0.09,0.2,107.12,21.424,,,


*,ID,farm1,성장속도 (s),10,최대업그레이드,20,피지숫자,5,판매가격 (a),건설시간 (s),구매비용
Lv,Price,value(%),speed(%),1분당 생산,소요 시간(m),목표소요시간,1분 총생산,권장가격,4,30,25
1,23,100,100,120,0.1,0.1,227.12,22.712,업그레이드 소요시간 (m),기본생산 (1분),최종생산
2,24,105.5,96.9,130.65,0.1,0.1,237.77,23.777,2,107.12,717.27
3,25,111.3,93.8,142.39,0.1,0.1,249.51,24.951,목표 업그레이드 시간,단위,a
4,26,117.4,90.8,155.15,0.1,0.1,262.27,26.227,2,,
5,28,123.9,87.9,169.15,0.1,0.1,276.27,27.627,,,
6,29,130.7,85.1,184.3,0.1,0.1,291.42,29.142,,,
7,31,137.9,82.4,200.83,0.1,0.1,307.95,30.795,,,
8,33,145.5,79.8,218.8,0.1,0.1,325.92,32.592,,,
9,35,153.5,77.3,238.29,0.1,0.1,345.41,34.541,,,
10,37,161.9,74.9,259.39,0.1,0.1,366.51,36.651,,,
11,39,170.8,72.5,282.7,0.1,0.1,389.82,38.982,,,
12,42,180.2,70.2,308.03,0.1,0.1,415.15,41.515,,,
13,44,190.1,68,335.47,0.1,0.1,442.59,44.259,,,
14,47,200.6,65.9,365.28,0.1,0.1,472.4,47.24,,,
15,51,211.6,63.8,397.99,0.1,0.1,505.11,50.511,,,
16,54,223.2,61.8,433.4,0.1,0.1,540.52,54.052,,,
17,58,235.5,59.9,471.79,0.1,0.1,578.91,57.891,,,
18,62,248.5,58,514.14,0.1,0.1,621.26,62.126,,,
19,67,262.2,56.2,559.86,0.1,0.1,666.98,66.698,,,
20,72,276.6,54.4,610.15,0.1,0.1,717.27,71.727,,,
,,,,,,,717.27,,,,

*,ID,oilfall0,성장속도 (s),20,최대업그레이드,20,피지숫자,8,판매가격 (a),건설시간 (s),구매비용
Lv,Price,value(%),speed(%),1분당 생산,소요 시간(m),목표소요시간,1분 총생산,권장가격,5,60,100
1,126,100,100,120,0.15,0.15,837.27,125.5905,업그레이드 소요시간 (m),기본생산 (1분),최종생산
2,127,105.5,96.9,130.65,0.15,0.15,847.92,127.188,3,717.27,1327.42
3,129,111.3,93.8,142.39,0.15,0.15,859.66,128.949,목표 업그레이드 시간,단위,a
4,131,117.4,90.8,155.15,0.15,0.15,872.42,130.863,3,,
5,133,123.9,87.9,169.15,0.15,0.15,886.42,132.963,,,
6,135,130.7,85.1,184.3,0.15,0.15,901.57,135.2355,,,
7,138,137.9,82.4,200.83,0.15,0.15,918.1,137.715,,,
8,140,145.5,79.8,218.8,0.15,0.15,936.07,140.4105,,,
9,143,153.5,77.3,238.29,0.15,0.15,955.56,143.334,,,
10,146,161.9,74.9,259.39,0.15,0.15,976.66,146.499,,,
11,150,170.8,72.5,282.7,0.15,0.15,999.97,149.9955,,,
12,154,180.2,70.2,308.03,0.15,0.15,1025.3,153.795,,,
13,158,190.1,68,335.47,0.15,0.15,1052.74,157.911,,,
14,162,200.6,65.9,365.28,0.15,0.15,1082.55,162.3825,,,
15,167,211.6,63.8,397.99,0.15,0.15,1115.26,167.289,,,
16,173,223.2,61.8,433.4,0.15,0.15,1150.67,172.6005,,,
17,178,235.5,59.9,471.79,0.15,0.15,1189.06,178.359,,,
18,185,248.5,58,514.14,0.15,0.15,1231.41,184.7115,,,
19,192,262.2,56.2,559.86,0.15,0.15,1277.13,191.5695,,,
20,199,276.6,54.4,610.15,0.15,0.15,1327.42,199.113,,,
,,,,,,,1327.42,,,,

*,ID,tree0,성장속도 (s),30,최대업그레이드,20,피지숫자,8,판매가격 (a),건설시간 (s),구매비용
Lv,Price,value(%),speed(%),1분당 생산,소요 시간(m),목표소요시간,1분 총생산,권장가격,10,180,500
1,297,100,100,160,0.2,0.2,1487.42,297.484,업그레이드 소요시간 (m),기본생산 (1분),최종생산
2,300,105.5,96.9,174.2,0.2,0.2,1501.62,300.324,4,1327.42,2140.95
3,303,111.3,93.8,189.85,0.2,0.2,1517.27,303.454,목표 업그레이드 시간,단위,a
4,307,117.4,90.8,206.87,0.2,0.2,1534.29,306.858,4,,
5,311,123.9,87.9,225.53,0.2,0.2,1552.95,310.59,,,
6,315,130.7,85.1,245.73,0.2,0.2,1573.15,314.63,,,
7,319,137.9,82.4,267.77,0.2,0.2,1595.19,319.038,,,
8,324,145.5,79.8,291.73,0.2,0.2,1619.15,323.83,,,
9,329,153.5,77.3,317.72,0.2,0.2,1645.14,329.028,,,
10,335,161.9,74.9,345.85,0.2,0.2,1673.27,334.654,,,
11,341,170.8,72.5,376.94,0.2,0.2,1704.36,340.872,,,
12,348,180.2,70.2,410.71,0.2,0.2,1738.13,347.626,,,
13,355,190.1,68,447.29,0.2,0.2,1774.71,354.942,,,
14,363,200.6,65.9,487.04,0.2,0.2,1814.46,362.892,,,
15,372,211.6,63.8,530.66,0.2,0.2,1858.08,371.616,,,
16,381,223.2,61.8,577.86,0.2,0.2,1905.28,381.056,,,
17,391,235.5,59.9,629.05,0.2,0.2,1956.47,391.294,,,
18,403,248.5,58,685.52,0.2,0.2,2012.94,402.588,,,
19,415,262.2,56.2,746.48,0.2,0.2,2073.9,414.78,,,
20,428,276.6,54.4,813.53,0.2,0.2,2140.95,428.19,,,
,,,,,,,2140.95,,,,

*,ID,farm2,성장속도 (s),10,최대업그레이드,50,피지숫자,5,판매가격 (a),건설시간 (s),구매비용
Lv,Price,value(%),speed(%),1분당 생산,소요 시간(m),목표소요시간,1분 총생산,권장가격,20,300,1000
1,274,100,100,600,0.1,0.1,2740.95,274.095,업그레이드 소요시간 (m),기본생산 (1분),최종생산
2,276,102.2,98.7,621.28,0.1,0.1,2762.23,276.223,5,2140.95,3340.17
3,278,104.4,97.4,643.12,0.1,0.1,2784.07,278.407,목표 업그레이드 시간,단위,a
4,281,106.7,96.2,665.49,0.1,0.1,2806.44,280.644,5,,
5,283,109,95,688.42,0.1,0.1,2829.37,282.937,,,
6,285,111.4,93.8,712.58,0.1,0.1,2853.53,285.353,,,
7,288,113.9,92.6,738.01,0.1,0.1,2878.96,287.896,,,
8,291,116.4,91.4,764.11,0.1,0.1,2905.06,290.506,,,
9,293,119,90.2,791.57,0.1,0.1,2932.52,293.252,,,
10,296,121.6,89,819.78,0.1,0.1,2960.73,296.073,,,
11,299,124.3,87.9,848.46,0.1,0.1,2989.41,298.941,,,
12,302,127,86.8,877.88,0.1,0.1,3018.83,301.883,,,
13,305,129.8,85.7,908.75,0.1,0.1,3049.7,304.97,,,
14,308,132.7,84.6,941.13,0.1,0.1,3082.08,308.208,,,
15,312,135.6,83.5,974.37,0.1,0.1,3115.32,311.532,,,
16,315,138.6,82.4,1009.22,0.1,0.1,3150.17,315.017,,,
17,319,141.6,81.3,1045.02,0.1,0.1,3185.97,318.597,,,
18,322,144.7,80.3,1081.2,0.1,0.1,3222.15,322.215,,,
19,326,147.9,79.3,1119.04,0.1,0.1,3259.99,325.999,,,
20,330,151.2,78.3,1158.62,0.1,0.1,3299.57,329.957,,,
21,334,154.5,77.3,1199.22,0.1,0.1,3340.17,334.017,,,
22,338,157.9,76.3,1241.68,0.1,0.1,3382.63,338.263,,,
23,343,161.4,75.3,1286.06,0.1,0.1,3427.01,342.701,,,
24,347,165,74.3,1332.44,0.1,0.1,3473.39,347.339,,,
25,352,168.6,73.3,1380.08,0.1,0.1,3521.03,352.103,,,
26,357,172.3,72.4,1427.9,0.1,0.1,3568.85,356.885,,,
27,362,176.1,71.5,1477.76,0.1,0.1,3618.71,361.871,,,
28,367,180,70.6,1529.75,0.1,0.1,3670.7,367.07,,,
29,372,184,69.7,1583.93,0.1,0.1,3724.88,372.488,,,
30,378,188,68.8,1639.53,0.1,0.1,3780.48,378.048,,,
31,384,192.1,67.9,1697.5,0.1,0.1,3838.45,383.845,,,
32,390,196.3,67,1757.91,0.1,0.1,3898.86,389.886,,,
33,396,200.6,66.1,1820.88,0.1,0.1,3961.83,396.183,,,
34,402,205,65.3,1883.61,0.1,0.1,4024.56,402.456,,,
35,409,209.5,64.5,1948.84,0.1,0.1,4089.79,408.979,,,
36,416,214.1,63.7,2016.64,0.1,0.1,4157.59,415.759,,,
37,423,218.8,62.9,2087.12,0.1,0.1,4228.07,422.807,,,
38,430,223.6,62.1,2160.39,0.1,0.1,4301.34,430.134,,,
39,438,228.5,61.3,2236.54,0.1,0.1,4377.49,437.749,,,
40,446,233.5,60.5,2315.7,0.1,0.1,4456.65,445.665,,,
41,454,238.6,59.7,2397.99,0.1,0.1,4538.94,453.894,,,
42,462,243.8,58.9,2483.53,0.1,0.1,4624.48,462.448,,,
43,471,249.2,58.1,2573.49,0.1,0.1,4714.44,471.444,,,
44,480,254.7,57.4,2662.37,0.1,0.1,4803.32,480.332,,,
45,490,260.3,56.7,2754.5,0.1,0.1,4895.45,489.545,,,
46,499,266,56,2850,0.1,0.1,4990.95,499.095,,,
47,509,271.9,55.3,2950.09,0.1,0.1,5091.04,509.104,,,
48,519,277.9,54.6,3053.85,0.1,0.1,5194.8,519.48,,,
49,530,284,53.9,3161.41,0.1,0.1,5302.36,530.236,,,
50,541,290.2,53.2,3272.93,0.1,0.1,5413.88,541.388,,,
,,,,,,,5413.88,,,,

*,ID,oilfall1,성장속도 (s),20,최대업그레이드,40,피지숫자,10,판매가격 (a),건설시간 (s),구매비용
Lv,Price,value(%),speed(%),1분당 생산,소요 시간(m),목표소요시간,1분 총생산,권장가격,20,600,3000
1,591,100,100,600,0.15,0.15,3940.17,591.0255,업그레이드 소요시간 (m),기본생산 (1분),최종생산
2,595,102.8,98.4,626.83,0.15,0.15,3967,595.05,3,3340.17,6588.29
3,599,105.6,96.8,654.55,0.15,0.15,3994.72,599.208,목표 업그레이드 시간,단위,a
4,603,108.5,95.3,683.11,0.15,0.15,4023.28,603.492,6,,
5,608,111.5,93.8,713.22,0.15,0.15,4053.39,608.0085,,,
6,613,114.6,92.3,744.96,0.15,0.15,4085.13,612.7695,,,
7,618,117.8,90.8,778.41,0.15,0.15,4118.58,617.787,,,
8,623,121,89.3,812.99,0.15,0.15,4153.16,622.974,,,
9,628,124.3,87.9,848.46,0.15,0.15,4188.63,628.2945,,,
10,634,127.7,86.5,885.78,0.15,0.15,4225.95,633.8925,,,
11,640,131.2,85.1,925.03,0.15,0.15,4265.2,639.78,,,
12,646,134.8,83.7,966.31,0.15,0.15,4306.48,645.972,,,
13,652,138.5,82.4,1008.5,0.15,0.15,4348.67,652.3005,,,
14,659,142.3,81.1,1052.77,0.15,0.15,4392.94,658.941,,,
15,666,146.2,79.8,1099.25,0.15,0.15,4439.42,665.913,,,
16,673,150.2,78.5,1148.03,0.15,0.15,4488.2,673.23,,,
17,681,154.3,77.2,1199.22,0.15,0.15,4539.39,680.9085,,,
18,689,158.5,76,1251.32,0.15,0.15,4591.49,688.7235,,,
19,697,162.9,74.8,1306.68,0.15,0.15,4646.85,697.0275,,,
20,706,167.4,73.6,1364.67,0.15,0.15,4704.84,705.726,,,
21,715,172,72.4,1425.41,0.15,0.15,4765.58,714.837,,,
22,724,176.7,71.2,1489.04,0.15,0.15,4829.21,724.3815,,,
23,734,181.6,70.1,1554.35,0.15,0.15,4894.52,734.178,,,
24,744,186.6,69,1622.61,0.15,0.15,4962.78,744.417,,,
25,755,191.7,67.9,1693.96,0.15,0.15,5034.13,755.1195,,,
26,766,197,66.8,1769.46,0.15,0.15,5109.63,766.4445,,,
27,778,202.4,65.7,1848.4,0.15,0.15,5188.57,778.2855,,,
28,791,208,64.6,1931.89,0.15,0.15,5272.06,790.809,,,
29,803,213.7,63.6,2016.04,0.15,0.15,5356.21,803.4315,,,
30,817,219.6,62.6,2104.79,0.15,0.15,5444.96,816.744,,,
31,831,225.6,61.6,2197.4,0.15,0.15,5537.57,830.6355,,,
32,845,231.8,60.6,2295.05,0.15,0.15,5635.22,845.283,,,
33,861,238.2,59.6,2397.99,0.15,0.15,5738.16,860.724,,,
34,877,244.8,58.6,2506.48,0.15,0.15,5846.65,876.9975,,,
35,893,251.5,57.7,2615.25,0.15,0.15,5955.42,893.313,,,
36,910,258.4,56.8,2729.58,0.15,0.15,6069.75,910.4625,,,
37,928,265.5,55.9,2849.73,0.15,0.15,6189.9,928.485,,,
38,947,272.8,55,2976,0.15,0.15,6316.17,947.4255,,,
39,967,280.3,54.1,3108.69,0.15,0.15,6448.86,967.329,,,
40,988,288,53.2,3248.12,0.15,0.15,6588.29,988.2435,,,
,,,,,,,6588.29,,,,

*,ID,tree1,성장속도 (s),30,최대업그레이드,40,피지숫자,10,판매가격 (a),건설시간 (s),구매비용
Lv,Price,value(%),speed(%),1분당 생산,소요 시간(m),목표소요시간,1분 총생산,권장가격,200,600,8000
1,1853,100,100,4000,0.18,0.175,10588.29,1852.95075,업그레이드 소요시간 (m),기본생산 (1분),최종생산
2,1884,102.8,98.4,4178.86,0.17,0.175,10767.15,1884.25125,3.46,6588.29,28242.43
3,1917,105.6,96.8,4363.64,0.18,0.175,10951.93,1916.58775,목표 업그레이드 시간,단위,a
4,1950,108.5,95.3,4554.04,0.18,0.175,11142.33,1949.90775,7,,
5,1985,111.5,93.8,4754.8,0.17,0.175,11343.09,1985.04075,,,
6,2022,114.6,92.3,4966.41,0.17,0.175,11554.7,2022.0725,,,
7,2061,117.8,90.8,5189.43,0.17,0.175,11777.72,2061.101,,,
8,2101,121,89.3,5419.93,0.17,0.175,12008.22,2101.4385,,,
9,2143,124.3,87.9,5656.43,0.18,0.175,12244.72,2142.826,,,
10,2186,127.7,86.5,5905.2,0.17,0.175,12493.49,2186.36075,,,
11,2232,131.2,85.1,6166.86,0.17,0.175,12755.15,2232.15125,,,
12,2280,134.8,83.7,6442.05,0.17,0.175,13030.34,2280.3095,,,
13,2330,138.5,82.4,6723.3,0.18,0.175,13311.59,2329.52825,,,
14,2381,142.3,81.1,7018.5,0.17,0.175,13606.79,2381.18825,,,
15,2435,146.2,79.8,7328.32,0.17,0.175,13916.61,2435.40675,,,
16,2492,150.2,78.5,7653.5,0.17,0.175,14241.79,2492.31325,,,
17,2552,154.3,77.2,7994.82,0.17,0.175,14583.11,2552.04425,,,
18,2613,158.5,76,8342.11,0.18,0.175,14930.4,2612.82,,,
19,2677,162.9,74.8,8711.23,0.17,0.175,15299.52,2677.416,,,
20,2745,167.4,73.6,9097.83,0.17,0.175,15686.12,2745.071,,,
21,2816,172,72.4,9502.76,0.18,0.175,16091.05,2815.93375,,,
22,2890,176.7,71.2,9926.97,0.17,0.175,16515.26,2890.1705,,,
23,2966,181.6,70.1,10362.34,0.17,0.175,16950.63,2966.36025,,,
24,3046,186.6,69,10817.39,0.18,0.175,17405.68,3045.994,,,
25,3129,191.7,67.9,11293.08,0.17,0.175,17881.37,3129.23975,,,
26,3217,197,66.8,11796.41,0.17,0.175,18384.7,3217.3225,,,
27,3309,202.4,65.7,12322.68,0.17,0.175,18910.97,3309.41975,,,
28,3407,208,64.6,12879.26,0.18,0.175,19467.55,3406.82125,,,
29,3505,213.7,63.6,13440.25,0.18,0.175,20028.54,3504.9945,,,
30,3609,219.6,62.6,14031.95,0.18,0.175,20620.24,3608.542,,,
31,3717,225.6,61.6,14649.35,0.18,0.175,21237.64,3716.587,,,
32,3831,231.8,60.6,15300.33,0.18,0.175,21888.62,3830.5085,,,
33,3951,238.2,59.6,15986.58,0.18,0.175,22574.87,3950.60225,,,
34,4077,244.8,58.6,16709.9,0.17,0.175,23298.19,4077.18325,,,
35,4204,251.5,57.7,17435.01,0.17,0.175,24023.3,4204.0775,,,
36,4337,258.4,56.8,18197.18,0.17,0.175,24785.47,4337.45725,,,
37,4478,265.5,55.9,18998.21,0.18,0.175,25586.5,4477.6375,,,
38,4625,272.8,55,19840,0.18,0.175,26428.29,4624.95075,,,
39,4780,280.3,54.1,20724.58,0.18,0.175,27312.87,4779.75225,,,
40,4942,288,53.2,21654.14,0.17,0.175,28242.43,4942.42525,,,
,,,,,,,28242.43,,,,

*,ID,oilfall2,성장속도 (s),20,최대업그레이드,120,피지숫자,12,판매가격 (a),건설시간 (s),구매비용
Lv,Price,value(%),speed(%),1분당 생산,소요 시간(m),목표소요시간,1분 총생산,권장가격,100,900,12000
1,2123,100,100,3600,0.07,0.0666666666666667,31842.43,2122.82866666667,업그레이드 소요시간 (m),기본생산 (1분),최종생산
2,2126,100.9,99.5,3650.65,0.07,0.0666666666666667,31893.08,2126.20533333333,1.4,28242.43,48327.71
3,2130,101.8,99,3701.82,0.07,0.0666666666666667,31944.25,2129.61666666667,목표 업그레이드 시간,단위,a
4,2133,102.7,98.5,3753.5,0.07,0.0666666666666667,31995.93,2133.062,8,,
5,2137,103.6,98,3805.71,0.07,0.0666666666666667,32048.14,2136.54266666667,,,
6,2140,104.5,97.5,3858.46,0.07,0.0666666666666667,32100.89,2140.05933333333,,,
7,2144,105.5,97,3915.46,0.07,0.0666666666666667,32157.89,2143.85933333333,,,
8,2148,106.5,96.5,3973.06,0.07,0.0666666666666667,32215.49,2147.69933333333,,,
9,2152,107.5,96,4031.25,0.07,0.0666666666666667,32273.68,2151.57866666667,,,
10,2155,108.5,95.5,4090.05,0.07,0.0666666666666667,32332.48,2155.49866666667,,,
11,2159,109.5,95,4149.47,0.07,0.0666666666666667,32391.9,2159.46,,,
12,2163,110.5,94.5,4209.52,0.07,0.0666666666666667,32451.95,2163.46333333333,,,
13,2168,111.5,94,4270.21,0.07,0.0666666666666667,32512.64,2167.50933333333,,,
14,2172,112.5,93.5,4331.55,0.07,0.0666666666666667,32573.98,2171.59866666667,,,
15,2176,113.5,93,4393.55,0.07,0.0666666666666667,32635.98,2175.732,,,
16,2180,114.5,92.5,4456.22,0.07,0.0666666666666667,32698.65,2179.91,,,
17,2184,115.5,92,4519.57,0.07,0.0666666666666667,32762,2184.13333333333,,,
18,2189,116.6,91.5,4587.54,0.07,0.0666666666666667,32829.97,2188.66466666667,,,
19,2193,117.7,91,4656.26,0.07,0.0666666666666667,32898.69,2193.246,,,
20,2198,118.8,90.5,4725.75,0.07,0.0666666666666667,32968.18,2197.87866666667,,,
21,2203,119.9,90,4796,0.07,0.0666666666666667,33038.43,2202.562,,,
22,2207,121,89.5,4867.04,0.07,0.0666666666666667,33109.47,2207.298,,,
23,2212,122.1,89,4938.88,0.07,0.0666666666666667,33181.31,2212.08733333333,,,
24,2217,123.2,88.5,5011.53,0.07,0.0666666666666667,33253.96,2216.93066666667,,,
25,2222,124.3,88,5085,0.07,0.0666666666666667,33327.43,2221.82866666667,,,
26,2227,125.4,87.5,5159.31,0.07,0.0666666666666667,33401.74,2226.78266666667,,,
27,2232,126.5,87,5234.48,0.07,0.0666666666666667,33476.91,2231.794,,,
28,2237,127.7,86.5,5314.68,0.07,0.0666666666666667,33557.11,2237.14066666667,,,
29,2243,128.9,86,5395.81,0.07,0.0666666666666667,33638.24,2242.54933333333,,,
30,2248,130.1,85.5,5477.89,0.07,0.0666666666666667,33720.32,2248.02133333333,,,
31,2254,131.3,85,5560.94,0.07,0.0666666666666667,33803.37,2253.558,,,
32,2259,132.5,84.5,5644.97,0.07,0.0666666666666667,33887.4,2259.16,,,
33,2265,133.7,84,5730,0.07,0.0666666666666667,33972.43,2264.82866666667,,,
34,2271,134.9,83.5,5816.05,0.07,0.0666666666666667,34058.48,2270.56533333333,,,
35,2276,136.1,83.1,5896.03,0.07,0.0666666666666667,34138.46,2275.89733333333,,,
36,2281,137.3,82.7,5976.78,0.07,0.0666666666666667,34219.21,2281.28066666667,,,
37,2287,138.6,82.3,6062.7,0.07,0.0666666666666667,34305.13,2287.00866666667,,,
38,2293,139.9,81.9,6149.45,0.07,0.0666666666666667,34391.88,2292.792,,,
39,2299,141.2,81.5,6237.06,0.07,0.0666666666666667,34479.49,2298.63266666667,,,
40,2305,142.5,81.1,6325.52,0.07,0.0666666666666667,34567.95,2304.53,,,
41,2310,143.8,80.7,6414.87,0.07,0.0666666666666667,34657.3,2310.48666666667,,,
42,2317,145.1,80.3,6505.11,0.07,0.0666666666666667,34747.54,2316.50266666667,,,
43,2323,146.4,79.9,6596.25,0.07,0.0666666666666667,34838.68,2322.57866666667,,,
44,2329,147.7,79.5,6688.3,0.07,0.0666666666666667,34930.73,2328.71533333333,,,
45,2335,149.1,79.1,6785.84,0.07,0.0666666666666667,35028.27,2335.218,,,
46,2342,150.5,78.7,6884.37,0.07,0.0666666666666667,35126.8,2341.78666666667,,,
47,2348,151.9,78.3,6983.91,0.07,0.0666666666666667,35226.34,2348.42266666667,,,
48,2355,153.3,77.9,7084.47,0.07,0.0666666666666667,35326.9,2355.12666666667,,,
49,2362,154.7,77.5,7186.06,0.07,0.0666666666666667,35428.49,2361.89933333333,,,
50,2369,156.1,77.1,7288.72,0.07,0.0666666666666667,35531.15,2368.74333333333,,,
51,2376,157.5,76.7,7392.44,0.07,0.0666666666666667,35634.87,2375.658,,,
52,2383,158.9,76.3,7497.25,0.07,0.0666666666666667,35739.68,2382.64533333333,,,
53,2390,160.4,75.9,7607.91,0.07,0.0666666666666667,35850.34,2390.02266666667,,,
54,2397,161.9,75.5,7719.74,0.07,0.0666666666666667,35962.17,2397.478,,,
55,2405,163.4,75.1,7832.76,0.07,0.0666666666666667,36075.19,2405.01266666667,,,
56,2413,164.9,74.7,7946.99,0.07,0.0666666666666667,36189.42,2412.628,,,
57,2420,166.4,74.3,8062.45,0.07,0.0666666666666667,36304.88,2420.32533333333,,,
58,2428,167.9,73.9,8179.16,0.07,0.0666666666666667,36421.59,2428.106,,,
59,2436,169.4,73.5,8297.14,0.07,0.0666666666666667,36539.57,2435.97133333333,,,
60,2444,171,73.1,8421.34,0.07,0.0666666666666667,36663.77,2444.25133333333,,,
61,2453,172.6,72.7,8546.91,0.07,0.0666666666666667,36789.34,2452.62266666667,,,
62,2461,174.2,72.3,8673.86,0.07,0.0666666666666667,36916.29,2461.086,,,
63,2470,175.8,71.9,8802.23,0.07,0.0666666666666667,37044.66,2469.644,,,
64,2478,177.4,71.5,8932.03,0.07,0.0666666666666667,37174.46,2478.29733333333,,,
65,2487,179,71.1,9063.29,0.07,0.0666666666666667,37305.72,2487.048,,,
66,2496,180.6,70.7,9196.04,0.07,0.0666666666666667,37438.47,2495.898,,,
67,2505,182.3,70.3,9335.42,0.07,0.0666666666666667,37577.85,2505.19,,,
68,2515,184,69.9,9476.39,0.07,0.0666666666666667,37718.82,2514.588,,,
69,2524,185.7,69.5,9618.99,0.07,0.0666666666666667,37861.42,2524.09466666667,,,
70,2534,187.4,69.1,9763.24,0.07,0.0666666666666667,38005.67,2533.71133333333,,,
71,2543,189.1,68.7,9909.17,0.07,0.0666666666666667,38151.6,2543.44,,,
72,2553,190.8,68.3,10056.81,0.07,0.0666666666666667,38299.24,2553.28266666667,,,
73,2563,192.5,67.9,10206.19,0.07,0.0666666666666667,38448.62,2563.24133333333,,,
74,2574,194.3,67.5,10362.67,0.07,0.0666666666666667,38605.1,2573.67333333333,,,
75,2584,196.1,67.1,10521.01,0.07,0.0666666666666667,38763.44,2584.22933333333,,,
76,2595,197.9,66.7,10681.26,0.07,0.0666666666666667,38923.69,2594.91266666667,,,
77,2606,199.7,66.3,10843.44,0.07,0.0666666666666667,39085.87,2605.72466666667,,,
78,2617,201.5,65.9,11007.59,0.07,0.0666666666666667,39250.02,2616.668,,,
79,2628,203.3,65.5,11173.74,0.07,0.0666666666666667,39416.17,2627.74466666667,,,
80,2639,205.2,65.1,11347.47,0.07,0.0666666666666667,39589.9,2639.32666666667,,,
81,2651,207.1,64.7,11523.34,0.07,0.0666666666666667,39765.77,2651.05133333333,,,
82,2662,209,64.4,11683.23,0.07,0.0666666666666667,39925.66,2661.71066666667,,,
83,2672,210.9,64.1,11844.62,0.07,0.0666666666666667,40087.05,2672.47,,,
84,2683,212.8,63.8,12007.52,0.07,0.0666666666666667,40249.95,2683.33,,,
85,2695,214.8,63.5,12177.64,0.07,0.0666666666666667,40420.07,2694.67133333333,,,
86,2706,216.8,63.2,12349.37,0.07,0.0666666666666667,40591.8,2706.12,,,
87,2718,218.8,62.9,12522.73,0.07,0.0666666666666667,40765.16,2717.67733333333,,,
88,2729,220.8,62.6,12697.76,0.07,0.0666666666666667,40940.19,2729.346,,,
89,2741,222.8,62.3,12874.48,0.07,0.0666666666666667,41116.91,2741.12733333333,,,
90,2753,224.8,62,13052.9,0.07,0.0666666666666667,41295.33,2753.022,,,
91,2765,226.9,61.7,13238.9,0.07,0.0666666666666667,41481.33,2765.422,,,
92,2778,229,61.4,13426.71,0.07,0.0666666666666667,41669.14,2777.94266666667,,,
93,2791,231.1,61.1,13616.37,0.07,0.0666666666666667,41858.8,2790.58666666667,,,
94,2803,233.2,60.8,13807.89,0.07,0.0666666666666667,42050.32,2803.35466666667,,,
95,2816,235.3,60.5,14001.32,0.07,0.0666666666666667,42243.75,2816.25,,,
96,2830,237.5,60.2,14202.66,0.07,0.0666666666666667,42445.09,2829.67266666667,,,
97,2843,239.7,59.9,14406.01,0.07,0.0666666666666667,42648.44,2843.22933333333,,,
98,2857,241.9,59.6,14611.41,0.07,0.0666666666666667,42853.84,2856.92266666667,,,
99,2871,244.1,59.3,14818.89,0.07,0.0666666666666667,43061.32,2870.75466666667,,,
100,2885,246.3,59,15028.47,0.07,0.0666666666666667,43270.9,2884.72666666667,,,
101,2899,248.6,58.7,15246.34,0.07,0.0666666666666667,43488.77,2899.25133333333,,,
102,2914,250.9,58.4,15466.44,0.07,0.0666666666666667,43708.87,2913.92466666667,,,
103,2929,253.2,58.1,15688.81,0.07,0.0666666666666667,43931.24,2928.74933333333,,,
104,2944,255.5,57.8,15913.49,0.07,0.0666666666666667,44155.92,2943.728,,,
105,2959,257.8,57.5,16140.52,0.07,0.0666666666666667,44382.95,2958.86333333333,,,
106,2975,260.2,57.2,16376.22,0.07,0.0666666666666667,44618.65,2974.57666666667,,,
107,2990,262.6,56.9,16614.41,0.07,0.0666666666666667,44856.84,2990.456,,,
108,3007,265,56.6,16855.12,0.07,0.0666666666666667,45097.55,3006.50333333333,,,
109,3023,267.4,56.3,17098.4,0.07,0.0666666666666667,45340.83,3022.722,,,
110,3040,269.9,56,17350.71,0.07,0.0666666666666667,45593.14,3039.54266666667,,,
111,3057,272.4,55.7,17605.75,0.07,0.0666666666666667,45848.18,3056.54533333333,,,
112,3074,274.9,55.4,17863.54,0.07,0.0666666666666667,46105.97,3073.73133333333,,,
113,3091,277.4,55.1,18124.14,0.07,0.0666666666666667,46366.57,3091.10466666667,,,
114,3109,279.9,54.8,18387.59,0.07,0.0666666666666667,46630.02,3108.668,,,
115,3127,282.5,54.5,18660.55,0.07,0.0666666666666667,46902.98,3126.86533333333,,,
116,3145,285.1,54.2,18936.53,0.07,0.0666666666666667,47178.96,3145.264,,,
117,3164,287.7,53.9,19215.58,0.07,0.0666666666666667,47458.01,3163.86733333333,,,
118,3183,290.3,53.6,19497.76,0.07,0.0666666666666667,47740.19,3182.67933333333,,,
119,3202,293,53.3,19789.87,0.07,0.0666666666666667,48032.3,3202.15333333333,,,
120,3222,295.7,53,20085.28,0.07,0.0666666666666667,48327.71,3221.84733333333,,,
,,,,,,,48327.71,,,,

*,ID,tree2,성장속도 (s),30,최대업그레이드,150,피지숫자,12,판매가격 (a),건설시간 (s),구매비용
Lv,Price,value(%),speed(%),1분당 생산,소요 시간(m),목표소요시간,1분 총생산,권장가격,250,600,8000
1,755,100,100,6000,0.06,0.06,12588.29,755.2974,업그레이드 소요시간 (m),기본생산 (1분),최종생산
2,759,100.7,99.6,6066.27,0.06,0.06,12654.56,759.2736,1.2,6588.29,40240.46
3,763,101.4,99.2,6133.06,0.06,0.06,12721.35,763.281,목표 업그레이드 시간,단위,a
4,767,102.1,98.8,6200.4,0.06,0.06,12788.69,767.3214,9,,
5,771,102.8,98.4,6268.29,0.06,0.06,12856.58,771.3948,,,
6,776,103.6,98,6342.86,0.06,0.06,12931.15,775.869,,,
7,780,104.4,97.6,6418.03,0.06,0.06,13006.32,780.3792,,,
8,785,105.2,97.2,6493.83,0.06,0.06,13082.12,784.9272,,,
9,790,106,96.8,6570.25,0.06,0.06,13158.54,789.5124,,,
10,794,106.8,96.4,6647.3,0.06,0.06,13235.59,794.1354,,,
11,799,107.6,96,6725,0.06,0.06,13313.29,798.7974,,,
12,803,108.4,95.6,6803.35,0.06,0.06,13391.64,803.4984,,,
13,808,109.2,95.2,6882.35,0.06,0.06,13470.64,808.2384,,,
14,813,110,94.8,6962.03,0.06,0.06,13550.32,813.0192,,,
15,818,110.8,94.4,7042.37,0.06,0.06,13630.66,817.8396,,,
16,823,111.6,94,7123.4,0.06,0.06,13711.69,822.7014,,,
17,828,112.4,93.6,7205.13,0.06,0.06,13793.42,827.6052,,,
18,833,113.2,93.2,7287.55,0.06,0.06,13875.84,832.5504,,,
19,838,114,92.8,7370.69,0.06,0.06,13958.98,837.5388,,,
20,843,114.8,92.4,7454.55,0.06,0.06,14042.84,842.5704,,,
21,848,115.6,92,7539.13,0.06,0.06,14127.42,847.6452,,,
22,853,116.4,91.6,7624.45,0.06,0.06,14212.74,852.7644,,,
23,858,117.3,91.2,7717.11,0.06,0.06,14305.4,858.324,,,
24,864,118.2,90.8,7810.57,0.06,0.06,14398.86,863.9316,,,
25,870,119.1,90.4,7904.87,0.06,0.06,14493.16,869.5896,,,
26,875,120,90,8000,0.06,0.06,14588.29,875.2974,,,
27,881,120.9,89.6,8095.98,0.06,0.06,14684.27,881.0562,,,
28,887,121.8,89.2,8192.83,0.06,0.06,14781.12,886.8672,,,
29,893,122.7,88.8,8290.54,0.06,0.06,14878.83,892.7298,,,
30,899,123.6,88.4,8389.14,0.06,0.06,14977.43,898.6458,,,
31,905,124.5,88,8488.64,0.06,0.06,15076.93,904.6158,,,
32,911,125.4,87.6,8589.04,0.06,0.06,15177.33,910.6398,,,
33,917,126.3,87.2,8690.37,0.06,0.06,15278.66,916.7196,,,
34,923,127.2,86.8,8792.63,0.06,0.06,15380.92,922.8552,,,
35,929,128.1,86.4,8895.83,0.06,0.06,15484.12,929.0472,,,
36,935,129,86,9000,0.06,0.06,15588.29,935.2974,,,
37,942,129.9,85.6,9105.14,0.06,0.06,15693.43,941.6058,,,
38,948,130.9,85.2,9218.31,0.06,0.06,15806.6,948.396,,,
39,955,131.9,84.8,9332.55,0.06,0.06,15920.84,955.2504,,,
40,962,132.9,84.4,9447.87,0.06,0.06,16036.16,962.1696,,,
41,969,133.9,84,9564.29,0.06,0.06,16152.58,969.1548,,,
42,976,134.9,83.6,9681.82,0.06,0.06,16270.11,976.2066,,,
43,983,135.9,83.2,9800.48,0.06,0.06,16388.77,983.3262,,,
44,991,136.9,82.8,9920.29,0.06,0.06,16508.58,990.5148,,,
45,998,137.9,82.4,10041.26,0.06,0.06,16629.55,997.773,,,
46,1005,138.9,82,10163.41,0.06,0.06,16751.7,1005.102,,,
47,1013,139.9,81.6,10286.76,0.06,0.06,16875.05,1012.503,,,
48,1020,140.9,81.2,10411.33,0.06,0.06,16999.62,1019.9772,,,
49,1028,141.9,80.8,10537.13,0.06,0.06,17125.42,1027.5252,,,
50,1034,142.9,80.5,10650.93,0.06,0.06,17239.22,1034.3532,,,
51,1041,143.9,80.2,10765.59,0.06,0.06,17353.88,1041.2328,,,
52,1049,145,79.9,10888.61,0.06,0.06,17476.9,1048.614,,,
53,1056,146.1,79.6,11012.56,0.06,0.06,17600.85,1056.051,,,
54,1064,147.2,79.3,11137.45,0.06,0.06,17725.74,1063.5444,,,
55,1071,148.3,79,11263.29,0.06,0.06,17851.58,1071.0948,,,
56,1079,149.4,78.7,11390.09,0.06,0.06,17978.38,1078.7028,,,
57,1086,150.5,78.4,11517.86,0.06,0.06,18106.15,1086.369,,,
58,1094,151.6,78.1,11646.61,0.06,0.06,18234.9,1094.094,,,
59,1102,152.7,77.8,11776.35,0.06,0.06,18364.64,1101.8784,,,
60,1110,153.8,77.5,11907.1,0.06,0.06,18495.39,1109.7234,,,
61,1118,154.9,77.2,12038.86,0.06,0.06,18627.15,1117.629,,,
62,1126,156,76.9,12171.65,0.06,0.06,18759.94,1125.5964,,,
63,1134,157.1,76.6,12305.48,0.06,0.06,18893.77,1133.6262,,,
64,1142,158.3,76.3,12448.23,0.06,0.06,19036.52,1142.1912,,,
65,1151,159.5,76,12592.11,0.06,0.06,19180.4,1150.824,,,
66,1160,160.7,75.7,12737.12,0.06,0.06,19325.41,1159.5246,,,
67,1168,161.9,75.4,12883.29,0.06,0.06,19471.58,1168.2948,,,
68,1177,163.1,75.1,13030.63,0.06,0.06,19618.92,1177.1352,,,
69,1186,164.3,74.8,13179.14,0.06,0.06,19767.43,1186.0458,,,
70,1195,165.5,74.5,13328.86,0.06,0.06,19917.15,1195.029,,,
71,1204,166.7,74.2,13479.78,0.06,0.06,20068.07,1204.0842,,,
72,1213,167.9,73.9,13631.94,0.06,0.06,20220.23,1213.2138,,,
73,1222,169.1,73.6,13785.33,0.06,0.06,20373.62,1222.4172,,,
74,1232,170.3,73.3,13939.97,0.06,0.06,20528.26,1231.6956,,,
75,1241,171.5,73,14095.89,0.06,0.06,20684.18,1241.0508,,,
76,1251,172.8,72.7,14261.35,0.06,0.06,20849.64,1250.9784,,,
77,1261,174.1,72.4,14428.18,0.06,0.06,21016.47,1260.9882,,,
78,1271,175.4,72.1,14596.39,0.06,0.06,21184.68,1271.0808,,,
79,1281,176.7,71.8,14766.02,0.06,0.06,21354.31,1281.2586,,,
80,1292,178,71.5,14937.06,0.06,0.06,21525.35,1291.521,,,
81,1302,179.3,71.2,15109.55,0.06,0.06,21697.84,1301.8704,,,
82,1312,180.6,70.9,15283.5,0.06,0.06,21871.79,1312.3074,,,
83,1323,181.9,70.6,15458.92,0.06,0.06,22047.21,1322.8326,,,
84,1333,183.2,70.3,15635.85,0.06,0.06,22224.14,1333.4484,,,
85,1344,184.5,70,15814.29,0.06,0.06,22402.58,1344.1548,,,
86,1355,185.9,69.7,16002.87,0.06,0.06,22591.16,1355.4696,,,
87,1367,187.3,69.4,16193.08,0.06,0.06,22781.37,1366.8822,,,
88,1378,188.7,69.1,16384.95,0.06,0.06,22973.24,1378.3944,,,
89,1390,190.1,68.8,16578.49,0.06,0.06,23166.78,1390.0068,,,
90,1402,191.5,68.5,16773.72,0.06,0.06,23362.01,1401.7206,,,
91,1414,192.9,68.2,16970.67,0.06,0.06,23558.96,1413.5376,,,
92,1425,194.3,67.9,17169.37,0.06,0.06,23757.66,1425.4596,,,
93,1437,195.7,67.6,17369.82,0.06,0.06,23958.11,1437.4866,,,
94,1450,197.1,67.3,17572.07,0.06,0.06,24160.36,1449.6216,,,
95,1462,198.5,67,17776.12,0.06,0.06,24364.41,1461.8646,,,
96,1475,200,66.7,17991,0.06,0.06,24579.29,1474.7574,,,
97,1488,201.5,66.4,18207.83,0.06,0.06,24796.12,1487.7672,,,
98,1501,203,66.1,18426.63,0.06,0.06,25014.92,1500.8952,,,
99,1514,204.5,65.8,18647.42,0.06,0.06,25235.71,1514.1426,,,
100,1528,206,65.5,18870.23,0.06,0.06,25458.52,1527.5112,,,
101,1541,207.5,65.2,19095.09,0.06,0.06,25683.38,1541.0028,,,
102,1555,209,64.9,19322.03,0.06,0.06,25910.32,1554.6192,,,
103,1568,210.5,64.6,19551.08,0.06,0.06,26139.37,1568.3622,,,
104,1582,212,64.3,19782.27,0.06,0.06,26370.56,1582.2336,,,
105,1597,213.6,64,20025,0.06,0.06,26613.29,1596.7974,,,
106,1611,215.2,63.7,20270.02,0.06,0.06,26858.31,1611.4986,,,
107,1626,216.8,63.4,20517.35,0.06,0.06,27105.64,1626.3384,,,
108,1641,218.4,63.1,20767.04,0.06,0.06,27355.33,1641.3198,,,
109,1656,220,62.8,21019.11,0.06,0.06,27607.4,1656.444,,,
110,1672,221.6,62.5,21273.6,0.06,0.06,27861.89,1671.7134,,,
111,1687,223.2,62.2,21530.55,0.06,0.06,28118.84,1687.1304,,,
112,1703,224.8,61.9,21789.98,0.06,0.06,28378.27,1702.6962,,,
113,1718,226.4,61.6,22051.95,0.06,0.06,28640.24,1718.4144,,,
114,1735,228.1,61.3,22326.26,0.06,0.06,28914.55,1734.873,,,
115,1751,229.8,61,22603.28,0.06,0.06,29191.57,1751.4942,,,
116,1768,231.5,60.7,22883.03,0.06,0.06,29471.32,1768.2792,,,
117,1785,233.2,60.4,23165.56,0.06,0.06,29753.85,1785.231,,,
118,1802,234.9,60.1,23450.92,0.06,0.06,30039.21,1802.3526,,,
119,1820,236.6,59.8,23739.13,0.06,0.06,30327.42,1819.6452,,,
120,1837,238.3,59.5,24030.25,0.06,0.06,30618.54,1837.1124,,,
121,1855,240,59.2,24324.32,0.06,0.06,30912.61,1854.7566,,,
122,1873,241.8,58.9,24631.58,0.06,0.06,31219.87,1873.1922,,,
123,1892,243.6,58.6,24941.98,0.06,0.06,31530.27,1891.8162,,,
124,1911,245.4,58.3,25255.57,0.06,0.06,31843.86,1910.6316,,,
125,1930,247.2,58,25572.41,0.06,0.06,32160.7,1929.642,,,
126,1949,249,57.7,25892.55,0.06,0.06,32480.84,1948.8504,,,
127,1966,250.8,57.5,26170.43,0.06,0.06,32758.72,1965.5232,,,
128,1982,252.6,57.3,26450.26,0.06,0.06,33038.55,1982.313,,,
129,2000,254.5,57.1,26742.56,0.06,0.06,33330.85,1999.851,,,
130,2018,256.4,56.9,27036.91,0.06,0.06,33625.2,2017.512,,,
131,2035,258.3,56.7,27333.33,0.06,0.06,33921.62,2035.2972,,,
132,2053,260.2,56.5,27631.86,0.06,0.06,34220.15,2053.209,,,
133,2071,262.1,56.3,27932.5,0.06,0.06,34520.79,2071.2474,,,
134,2089,264,56.1,28235.29,0.06,0.06,34823.58,2089.4148,,,
135,2108,265.9,55.9,28540.25,0.06,0.06,35128.54,2107.7124,,,
136,2126,267.8,55.7,28847.4,0.06,0.06,35435.69,2126.1414,,,
137,2145,269.8,55.5,29167.57,0.06,0.06,35755.86,2145.3516,,,
138,2165,271.8,55.3,29490.05,0.06,0.06,36078.34,2164.7004,,,
139,2184,273.8,55.1,29814.88,0.06,0.06,36403.17,2184.1902,,,
140,2204,275.8,54.9,30142.08,0.06,0.06,36730.37,2203.8222,,,
141,2224,277.8,54.7,30471.66,0.06,0.06,37059.95,2223.597,,,
142,2244,279.8,54.5,30803.67,0.06,0.06,37391.96,2243.5176,,,
143,2264,281.9,54.3,31149.17,0.06,0.06,37737.46,2264.2476,,,
144,2285,284,54.1,31497.23,0.06,0.06,38085.52,2285.1312,,,
145,2306,286.1,53.9,31847.87,0.06,0.06,38436.16,2306.1696,,,
146,2327,288.2,53.7,32201.12,0.06,0.06,38789.41,2327.3646,,,
147,2349,290.3,53.5,32557.01,0.06,0.06,39145.3,2348.718,,,
148,2370,292.4,53.3,32915.57,0.06,0.06,39503.86,2370.2316,,,
149,2392,294.5,53.1,33276.84,0.06,0.06,39865.13,2391.9078,,,
150,2414,296.7,52.9,33652.17,0.06,0.06,40240.46,2414.4276,,,
,,,,,,,40240.46,,,,